"transactionid","operationid","transactiontype","senderid","recipientid","tokenamount","transferaction","message","createdat","transactioncategory"
"95716145-0c65-46b8-bb28-67c8fb9afc42","7c914ce7-d427-4579-8aef-07af723b580f","transferSenderToBurnWallet","2736677b-57b8-4ee2-87fe-24ed975e55a6","7e0b2d21-d2b0-4af5-8b73-5f8efc04b000","8.1000000000","BURN_FEE",NULL,"2025-12-10 09:39:55.110205","FEE"
"7575545e-9950-4efb-b784-b7bbc2b5fcc6","7c914ce7-d427-4579-8aef-07af723b580f","transferSenderToPeerWallet","2736677b-57b8-4ee2-87fe-24ed975e55a6","85d5f836-b1f5-4c4e-9381-1b058e13df93","16.2000000000","PEER_FEE",NULL,"2025-12-10 09:39:55.106224","FEE"
"703374ab-793e-4186-b6aa-7c127f21b970","7c914ce7-d427-4579-8aef-07af723b580f","transferSenderToInviter","2736677b-57b8-4ee2-87fe-24ed975e55a6","85d5f836-b1f5-4c4e-9381-1b058e13df93","8.1000000000","INVITER_FEE",NULL,"2025-12-10 09:39:55.102176","FEE"
"ad4a0dc9-945a-4436-b08f-0998b93f24c5","7c914ce7-d427-4579-8aef-07af723b580f","transferSenderToRecipient","2736677b-57b8-4ee2-87fe-24ed975e55a6","6120d4e3-829e-4263-8cab-fffe96a35cdc","810.0000000000","CREDIT","Alpha Token Migration","2025-12-10 09:39:55.09838","P2P_TRANSFER"
"cc652c7c-0312-481d-a4ec-5d7969701f9e","396c47ec-b077-4b51-9bd3-ee25ee6491cd","transferSenderToBurnWallet","2736677b-57b8-4ee2-87fe-24ed975e55a6","7e0b2d21-d2b0-4af5-8b73-5f8efc04b000","1000.0000000000","BURN_FEE",NULL,"2025-12-10 09:39:55.081357","FEE"
"097b1e92-052b-4cab-bc06-3d184ca4f793","396c47ec-b077-4b51-9bd3-ee25ee6491cd","transferSenderToPeerWallet","2736677b-57b8-4ee2-87fe-24ed975e55a6","85d5f836-b1f5-4c4e-9381-1b058e13df93","2000.0000000000","PEER_FEE",NULL,"2025-12-10 09:39:55.077643","FEE"
"1ed0720c-4296-4ca1-a7c1-c3a39fe65d25","396c47ec-b077-4b51-9bd3-ee25ee6491cd","transferSenderToInviter","2736677b-57b8-4ee2-87fe-24ed975e55a6","85d5f836-b1f5-4c4e-9381-1b058e13df93","1000.0000000000","INVITER_FEE",NULL,"2025-12-10 09:39:55.073776","FEE"
"8ce87ce0-e082-4d8f-b1b6-65f6bdc5dab0","396c47ec-b077-4b51-9bd3-ee25ee6491cd","transferSenderToRecipient","2736677b-57b8-4ee2-87fe-24ed975e55a6","3f6d55c1-9731-4f28-8b85-5a30cd7c5cc4","100000.0000000000","CREDIT","Alpha Token Migration","2025-12-10 09:39:55.067825","P2P_TRANSFER"
"fa196b83-5610-44c5-a4cb-4a0f758768aa","b9d3996e-064c-4891-a4de-78d56219f0e6","transferSenderToBurnWallet","2736677b-57b8-4ee2-87fe-24ed975e55a6","7e0b2d21-d2b0-4af5-8b73-5f8efc04b000","55.6000000000","BURN_FEE",NULL,"2025-12-10 09:39:55.048944","FEE"
"1572bcc2-02ed-4be3-a62e-2dfbab69048d","b9d3996e-064c-4891-a4de-78d56219f0e6","transferSenderToPeerWallet","2736677b-57b8-4ee2-87fe-24ed975e55a6","85d5f836-b1f5-4c4e-9381-1b058e13df93","111.2000000000","PEER_FEE",NULL,"2025-12-10 09:39:55.043639","FEE"
"d169fc55-248e-4514-bb43-fa5f4b78a522","b9d3996e-064c-4891-a4de-78d56219f0e6","transferSenderToInviter","2736677b-57b8-4ee2-87fe-24ed975e55a6","85d5f836-b1f5-4c4e-9381-1b058e13df93","55.6000000000","INVITER_FEE",NULL,"2025-12-10 09:39:55.039429","FEE"
"72f52650-409c-44fd-8711-0906cbf14118","b9d3996e-064c-4891-a4de-78d56219f0e6","transferSenderToRecipient","2736677b-57b8-4ee2-87fe-24ed975e55a6","1db59ac8-8878-45e4-9d37-a0bc95bb95b7","5560.0000000000","CREDIT","Alpha Token Migration","2025-12-10 09:39:55.035501","P2P_TRANSFER"
"602d54c5-cf95-403f-8b6d-c31dc38f8760","9951cb7d-b798-4eea-9573-de9d7b1ab233","transferSenderToBurnWallet","2736677b-57b8-4ee2-87fe-24ed975e55a6","7e0b2d21-d2b0-4af5-8b73-5f8efc04b000","22.0600000000","BURN_FEE",NULL,"2025-12-10 09:39:55.017771","FEE"
"40274f05-5c29-4563-8ff9-4607b86d4c33","9951cb7d-b798-4eea-9573-de9d7b1ab233","transferSenderToPeerWallet","2736677b-57b8-4ee2-87fe-24ed975e55a6","85d5f836-b1f5-4c4e-9381-1b058e13df93","44.1200000000","PEER_FEE",NULL,"2025-12-10 09:39:55.014185","FEE"
"09352648-a572-4a49-908a-58b730132429","9951cb7d-b798-4eea-9573-de9d7b1ab233","transferSenderToInviter","2736677b-57b8-4ee2-87fe-24ed975e55a6","85d5f836-b1f5-4c4e-9381-1b058e13df93","22.0600000000","INVITER_FEE",NULL,"2025-12-10 09:39:55.010306","FEE"
"f01bbf0b-2889-4361-8a4b-efa4660b0752","9951cb7d-b798-4eea-9573-de9d7b1ab233","transferSenderToRecipient","2736677b-57b8-4ee2-87fe-24ed975e55a6","9e95b3b5-7b72-4e6a-a1e3-d9c15c1bb9e0","2206.0000000000","CREDIT","Alpha Token Migration","2025-12-10 09:39:55.006574","P2P_TRANSFER"
"75edee3e-1a46-4342-a876-59dc9c3f4a0e","10bd2ce9-6d8b-4fd3-9b3d-7938d6793e92","transferSenderToBurnWallet","2736677b-57b8-4ee2-87fe-24ed975e55a6","7e0b2d21-d2b0-4af5-8b73-5f8efc04b000","30.0000000000","BURN_FEE",NULL,"2025-12-10 09:39:54.989588","FEE"
"16060e0e-b0c7-4ca1-8464-94f6c6dcc728","10bd2ce9-6d8b-4fd3-9b3d-7938d6793e92","transferSenderToPeerWallet","2736677b-57b8-4ee2-87fe-24ed975e55a6","85d5f836-b1f5-4c4e-9381-1b058e13df93","60.0000000000","PEER_FEE",NULL,"2025-12-10 09:39:54.986023","FEE"
"e23e8180-47c0-48f2-bae6-db1764420e67","10bd2ce9-6d8b-4fd3-9b3d-7938d6793e92","transferSenderToInviter","2736677b-57b8-4ee2-87fe-24ed975e55a6","85d5f836-b1f5-4c4e-9381-1b058e13df93","30.0000000000","INVITER_FEE",NULL,"2025-12-10 09:39:54.982403","FEE"
"8e269b4f-dffd-40f4-b619-e9722982f45a","10bd2ce9-6d8b-4fd3-9b3d-7938d6793e92","transferSenderToRecipient","2736677b-57b8-4ee2-87fe-24ed975e55a6","6f2e3706-1700-4342-b9aa-5585a6c5eb4d","3000.0000000000","CREDIT","Alpha Token Migration","2025-12-10 09:39:54.978389","P2P_TRANSFER"
"cdde0cb7-ed4b-4c3d-9494-3b7641bfcc49","c66adef0-8bfb-4359-a81e-950acde44693","transferSenderToBurnWallet","2736677b-57b8-4ee2-87fe-24ed975e55a6","7e0b2d21-d2b0-4af5-8b73-5f8efc04b000","7.3200000000","BURN_FEE",NULL,"2025-12-10 09:39:54.959221","FEE"
"b5a55fe1-2f29-4d1a-8664-ceb986fee1f7","c66adef0-8bfb-4359-a81e-950acde44693","transferSenderToPeerWallet","2736677b-57b8-4ee2-87fe-24ed975e55a6","85d5f836-b1f5-4c4e-9381-1b058e13df93","14.6400000000","PEER_FEE",NULL,"2025-12-10 09:39:54.955654","FEE"
"a9f476ff-3392-4b65-a239-59f51a432020","c66adef0-8bfb-4359-a81e-950acde44693","transferSenderToInviter","2736677b-57b8-4ee2-87fe-24ed975e55a6","85d5f836-b1f5-4c4e-9381-1b058e13df93","7.3200000000","INVITER_FEE",NULL,"2025-12-10 09:39:54.95189","FEE"
"3b762eed-99c9-4910-a368-75ed72d2c93d","c66adef0-8bfb-4359-a81e-950acde44693","transferSenderToRecipient","2736677b-57b8-4ee2-87fe-24ed975e55a6","78fa1d3d-fd25-4032-ab3b-cb7ebf6d6562","732.0000000000","CREDIT","Alpha Token Migration","2025-12-10 09:39:54.947866","P2P_TRANSFER"
"46fff913-bb69-4393-95ec-e2a1e1bf10de","17786ce0-3ed1-4d55-8e31-d36847cc12d3","transferSenderToBurnWallet","2736677b-57b8-4ee2-87fe-24ed975e55a6","7e0b2d21-d2b0-4af5-8b73-5f8efc04b000","14.9600000000","BURN_FEE",NULL,"2025-12-10 09:39:54.931703","FEE"
"279659a5-279b-4e51-ba56-50c71f2a0e31","17786ce0-3ed1-4d55-8e31-d36847cc12d3","transferSenderToPeerWallet","2736677b-57b8-4ee2-87fe-24ed975e55a6","85d5f836-b1f5-4c4e-9381-1b058e13df93","29.9200000000","PEER_FEE",NULL,"2025-12-10 09:39:54.927752","FEE"
"d144e1fa-9abc-4105-bc2a-9c2957dd2e22","17786ce0-3ed1-4d55-8e31-d36847cc12d3","transferSenderToInviter","2736677b-57b8-4ee2-87fe-24ed975e55a6","85d5f836-b1f5-4c4e-9381-1b058e13df93","14.9600000000","INVITER_FEE",NULL,"2025-12-10 09:39:54.924007","FEE"
"a51c0fcb-be6d-4455-b912-aed5d585f7cc","17786ce0-3ed1-4d55-8e31-d36847cc12d3","transferSenderToRecipient","2736677b-57b8-4ee2-87fe-24ed975e55a6","78fa1d3d-fd25-4032-ab3b-cb7ebf6d6562","1496.0000000000","CREDIT","Alpha Token Migration","2025-12-10 09:39:54.920399","P2P_TRANSFER"
"a8fc13d5-c8f5-43eb-a97b-2b154c0939dc","fb92f52a-000a-44df-9fbf-503eb5df986d","transferSenderToBurnWallet","2736677b-57b8-4ee2-87fe-24ed975e55a6","7e0b2d21-d2b0-4af5-8b73-5f8efc04b000","107.7200000000","BURN_FEE",NULL,"2025-12-10 09:39:54.903822","FEE"
"89769f82-0ba1-4762-ba3a-fd58df3c402b","fb92f52a-000a-44df-9fbf-503eb5df986d","transferSenderToPeerWallet","2736677b-57b8-4ee2-87fe-24ed975e55a6","85d5f836-b1f5-4c4e-9381-1b058e13df93","215.4400000000","PEER_FEE",NULL,"2025-12-10 09:39:54.900183","FEE"
"e214f490-de53-4e1e-a286-62462ceed1db","fb92f52a-000a-44df-9fbf-503eb5df986d","transferSenderToInviter","2736677b-57b8-4ee2-87fe-24ed975e55a6","85d5f836-b1f5-4c4e-9381-1b058e13df93","107.7200000000","INVITER_FEE",NULL,"2025-12-10 09:39:54.896506","FEE"
"35c94879-baea-4b77-abc9-bf45cafff784","fb92f52a-000a-44df-9fbf-503eb5df986d","transferSenderToRecipient","2736677b-57b8-4ee2-87fe-24ed975e55a6","78fa1d3d-fd25-4032-ab3b-cb7ebf6d6562","10772.0000000000","CREDIT","Alpha Token Migration","2025-12-10 09:39:54.892174","P2P_TRANSFER"
"3fa800bf-1e2b-4f13-863f-870ef3623184","62d0aa05-73d5-424e-bec2-8afd5877c0ff","transferSenderToBurnWallet","2736677b-57b8-4ee2-87fe-24ed975e55a6","7e0b2d21-d2b0-4af5-8b73-5f8efc04b000","8.0000000000","BURN_FEE",NULL,"2025-12-10 09:39:54.875137","FEE"
"04ca51bb-cd35-4bf9-a77c-59cccc5b8847","62d0aa05-73d5-424e-bec2-8afd5877c0ff","transferSenderToPeerWallet","2736677b-57b8-4ee2-87fe-24ed975e55a6","85d5f836-b1f5-4c4e-9381-1b058e13df93","16.0000000000","PEER_FEE",NULL,"2025-12-10 09:39:54.871569","FEE"
"4431fd7c-63f3-47f8-ab20-a7a5c9e6fb00","62d0aa05-73d5-424e-bec2-8afd5877c0ff","transferSenderToInviter","2736677b-57b8-4ee2-87fe-24ed975e55a6","85d5f836-b1f5-4c4e-9381-1b058e13df93","8.0000000000","INVITER_FEE",NULL,"2025-12-10 09:39:54.867907","FEE"
"9e4c9d97-60ea-4625-bf1b-a9063f60c5e1","62d0aa05-73d5-424e-bec2-8afd5877c0ff","transferSenderToRecipient","2736677b-57b8-4ee2-87fe-24ed975e55a6","57174a04-9dff-4d69-a6e9-3da3769d6f76","800.0000000000","CREDIT","Alpha Token Migration","2025-12-10 09:39:54.864182","P2P_TRANSFER"
"3636b64f-0cfb-4c15-9df2-dd14910d8b28","524b8710-1d79-4bdc-a13b-ca935c5aef53","transferSenderToBurnWallet","2736677b-57b8-4ee2-87fe-24ed975e55a6","7e0b2d21-d2b0-4af5-8b73-5f8efc04b000","24.0800000000","BURN_FEE",NULL,"2025-12-10 09:39:54.847583","FEE"
"c2f47633-d3fb-4da5-8394-9cada25df59f","524b8710-1d79-4bdc-a13b-ca935c5aef53","transferSenderToPeerWallet","2736677b-57b8-4ee2-87fe-24ed975e55a6","85d5f836-b1f5-4c4e-9381-1b058e13df93","48.1600000000","PEER_FEE",NULL,"2025-12-10 09:39:54.8436","FEE"
"2846cb87-cb47-42a9-9caf-dbc1e7234c42","524b8710-1d79-4bdc-a13b-ca935c5aef53","transferSenderToInviter","2736677b-57b8-4ee2-87fe-24ed975e55a6","85d5f836-b1f5-4c4e-9381-1b058e13df93","24.0800000000","INVITER_FEE",NULL,"2025-12-10 09:39:54.839585","FEE"
"3a9aa289-e908-4982-a897-0ccff9d7e08b","524b8710-1d79-4bdc-a13b-ca935c5aef53","transferSenderToRecipient","2736677b-57b8-4ee2-87fe-24ed975e55a6","581310d7-ac48-485a-b338-c8702b4f0ea4","2408.0000000000","CREDIT","Alpha Token Migration","2025-12-10 09:39:54.835569","P2P_TRANSFER"
"1c0304a1-aee8-4b9c-809d-55c84ff8328d","36a32ad1-8236-4826-adb8-a1611be57baa","transferSenderToBurnWallet","2736677b-57b8-4ee2-87fe-24ed975e55a6","7e0b2d21-d2b0-4af5-8b73-5f8efc04b000","4.1700000000","BURN_FEE",NULL,"2025-12-10 09:39:54.81862","FEE"
"a8592d53-89c9-4183-b215-9bf9ff7fc916","36a32ad1-8236-4826-adb8-a1611be57baa","transferSenderToPeerWallet","2736677b-57b8-4ee2-87fe-24ed975e55a6","85d5f836-b1f5-4c4e-9381-1b058e13df93","8.3400000000","PEER_FEE",NULL,"2025-12-10 09:39:54.814793","FEE"
"763898a2-a507-44cf-8da4-424cb4fa1f19","36a32ad1-8236-4826-adb8-a1611be57baa","transferSenderToInviter","2736677b-57b8-4ee2-87fe-24ed975e55a6","85d5f836-b1f5-4c4e-9381-1b058e13df93","4.1700000000","INVITER_FEE",NULL,"2025-12-10 09:39:54.810435","FEE"
"32cec383-b9ca-465d-9951-89242e4967e0","36a32ad1-8236-4826-adb8-a1611be57baa","transferSenderToRecipient","2736677b-57b8-4ee2-87fe-24ed975e55a6","18f58004-6b29-482f-8a09-6b18978a856e","417.0000000000","CREDIT","Alpha Token Migration","2025-12-10 09:39:54.805059","P2P_TRANSFER"
"f9f5b9fc-84a1-480c-adf1-62d88bf4af2d","722461f2-6c3a-44fc-b0a6-7ab6e16e4fb4","transferSenderToBurnWallet","2736677b-57b8-4ee2-87fe-24ed975e55a6","7e0b2d21-d2b0-4af5-8b73-5f8efc04b000","378.8300000000","BURN_FEE",NULL,"2025-09-15 14:39:55.487221","FEE"
"91a950bf-98bb-4252-865f-4a9f780c47dc","722461f2-6c3a-44fc-b0a6-7ab6e16e4fb4","transferSenderToPeerWallet","2736677b-57b8-4ee2-87fe-24ed975e55a6","85d5f836-b1f5-4c4e-9381-1b058e13df93","757.6600000000","PEER_FEE",NULL,"2025-09-15 14:39:55.477985","FEE"
"7bc8fb90-181c-4dc6-a57a-767ce81d73ec","722461f2-6c3a-44fc-b0a6-7ab6e16e4fb4","transferSenderToInviter","2736677b-57b8-4ee2-87fe-24ed975e55a6","85d5f836-b1f5-4c4e-9381-1b058e13df93","378.8300000000","INVITER_FEE",NULL,"2025-09-15 14:39:55.458471","FEE"
"61d8d6c3-04b4-48a9-b2d3-2e42078cf6da","722461f2-6c3a-44fc-b0a6-7ab6e16e4fb4","transferSenderToRecipient","2736677b-57b8-4ee2-87fe-24ed975e55a6","be8179fb-93f4-460a-897d-788181f7fb6f","38261.8300000000","CREDIT","Alpha Token Migration","2025-09-15 14:39:55.44794","P2P_TRANSFER"
"61ab3ae9-4ce1-4f0c-97f4-fa79685783c7","3845c865-b333-4329-8af9-e5bbe4578911","transferSenderToBurnWallet","2736677b-57b8-4ee2-87fe-24ed975e55a6","7e0b2d21-d2b0-4af5-8b73-5f8efc04b000","0.1200000000","BURN_FEE",NULL,"2025-09-02 13:16:51.599438","FEE"
"c4113ad4-6863-4b04-8366-c79acb45d17b","3845c865-b333-4329-8af9-e5bbe4578911","transferSenderToPeerWallet","2736677b-57b8-4ee2-87fe-24ed975e55a6","85d5f836-b1f5-4c4e-9381-1b058e13df93","0.2400000000","PEER_FEE",NULL,"2025-09-02 13:16:51.59017","FEE"
"ad60bd1a-da43-49a4-a04b-de9054b754b3","3845c865-b333-4329-8af9-e5bbe4578911","transferSenderToInviter","2736677b-57b8-4ee2-87fe-24ed975e55a6","85d5f836-b1f5-4c4e-9381-1b058e13df93","0.1200000000","INVITER_FEE",NULL,"2025-09-02 13:16:51.572439","FEE"
"8b9c6cd4-82c0-4810-8770-a1035494ec1e","3845c865-b333-4329-8af9-e5bbe4578911","transferSenderToRecipient","2736677b-57b8-4ee2-87fe-24ed975e55a6","e9c07cc3-4259-40f3-8fa2-41de56b3401b","12.1200000000","CREDIT","Alpha Token Migration","2025-09-02 13:16:51.563442","P2P_TRANSFER"
"9901b8cb-5bb8-4b13-800f-8cd7c9eb9241","86617dea-a289-42b1-adea-c4b824b57a72","transferSenderToBurnWallet","2736677b-57b8-4ee2-87fe-24ed975e55a6","7e0b2d21-d2b0-4af5-8b73-5f8efc04b000","0.0300000000","BURN_FEE",NULL,"2025-09-02 13:16:51.542051","FEE"
"0cbe316f-4482-4506-8343-ad543b874384","86617dea-a289-42b1-adea-c4b824b57a72","transferSenderToPeerWallet","2736677b-57b8-4ee2-87fe-24ed975e55a6","85d5f836-b1f5-4c4e-9381-1b058e13df93","0.0600000000","PEER_FEE",NULL,"2025-09-02 13:16:51.532396","FEE"
"f2296bc7-d14b-4f96-a1e4-1bf17593b921","86617dea-a289-42b1-adea-c4b824b57a72","transferSenderToInviter","2736677b-57b8-4ee2-87fe-24ed975e55a6","85d5f836-b1f5-4c4e-9381-1b058e13df93","0.0300000000","INVITER_FEE",NULL,"2025-09-02 13:16:51.513873","FEE"
"a7470fd9-bb8e-48da-b0fd-213e3d47f180","86617dea-a289-42b1-adea-c4b824b57a72","transferSenderToRecipient","2736677b-57b8-4ee2-87fe-24ed975e55a6","1f64794d-9b10-4a7a-bf89-365fcb641af3","3.0300000000","CREDIT","Alpha Token Migration","2025-09-02 13:16:51.504435","P2P_TRANSFER"
"31c48d48-3d36-41fc-8c92-c583649247b3","25531a32-6a5b-48ed-8ac8-a84fa2f58262","transferSenderToBurnWallet","2736677b-57b8-4ee2-87fe-24ed975e55a6","7e0b2d21-d2b0-4af5-8b73-5f8efc04b000","0.0600000000","BURN_FEE",NULL,"2025-09-02 13:16:51.483023","FEE"
"30635564-ed15-4535-b117-4ea30737cc28","25531a32-6a5b-48ed-8ac8-a84fa2f58262","transferSenderToPeerWallet","2736677b-57b8-4ee2-87fe-24ed975e55a6","85d5f836-b1f5-4c4e-9381-1b058e13df93","0.1200000000","PEER_FEE",NULL,"2025-09-02 13:16:51.473706","FEE"
"43afe164-580c-468d-ae9b-652169f95f7e","25531a32-6a5b-48ed-8ac8-a84fa2f58262","transferSenderToInviter","2736677b-57b8-4ee2-87fe-24ed975e55a6","85d5f836-b1f5-4c4e-9381-1b058e13df93","0.0600000000","INVITER_FEE",NULL,"2025-09-02 13:16:51.455562","FEE"
"010cae78-89f3-4801-9abb-5b0947e4c1fc","25531a32-6a5b-48ed-8ac8-a84fa2f58262","transferSenderToRecipient","2736677b-57b8-4ee2-87fe-24ed975e55a6","161e593d-bc0d-4ee5-9712-91727518b535","6.0600000000","CREDIT","Alpha Token Migration","2025-09-02 13:16:51.445878","P2P_TRANSFER"
"ef4eaee7-32b9-4c12-b5a8-535b1d39d607","8bcd3c98-e539-4a67-89a5-c97fe61827f8","transferSenderToBurnWallet","2736677b-57b8-4ee2-87fe-24ed975e55a6","7e0b2d21-d2b0-4af5-8b73-5f8efc04b000","0.2000000000","BURN_FEE",NULL,"2025-09-02 13:16:51.424926","FEE"
"47c51179-309f-46b9-a263-3d2ca1ba2ad8","8bcd3c98-e539-4a67-89a5-c97fe61827f8","transferSenderToPeerWallet","2736677b-57b8-4ee2-87fe-24ed975e55a6","85d5f836-b1f5-4c4e-9381-1b058e13df93","0.4000000000","PEER_FEE",NULL,"2025-09-02 13:16:51.416226","FEE"
"e58ef3a8-33bd-4d20-9e05-d881a75d8043","8bcd3c98-e539-4a67-89a5-c97fe61827f8","transferSenderToInviter","2736677b-57b8-4ee2-87fe-24ed975e55a6","85d5f836-b1f5-4c4e-9381-1b058e13df93","0.2000000000","INVITER_FEE",NULL,"2025-09-02 13:16:51.398475","FEE"
"f3c343dd-a671-4cbd-a136-1f5803b27040","8bcd3c98-e539-4a67-89a5-c97fe61827f8","transferSenderToRecipient","2736677b-57b8-4ee2-87fe-24ed975e55a6","76c56ddf-2c01-44e1-9fb4-881441b34ebf","20.2000000000","CREDIT","Alpha Token Migration","2025-09-02 13:16:51.389557","P2P_TRANSFER"
"1f5c3ad4-c839-4b7d-9540-c02fffa9f445","1f37e420-c315-4f84-8ae8-576bc711b9d5","transferSenderToBurnWallet","2736677b-57b8-4ee2-87fe-24ed975e55a6","7e0b2d21-d2b0-4af5-8b73-5f8efc04b000","0.4500000000","BURN_FEE",NULL,"2025-09-02 13:16:51.370457","FEE"
"c43940fe-f658-4d35-b6ca-e67075e59639","1f37e420-c315-4f84-8ae8-576bc711b9d5","transferSenderToPeerWallet","2736677b-57b8-4ee2-87fe-24ed975e55a6","85d5f836-b1f5-4c4e-9381-1b058e13df93","0.9000000000","PEER_FEE",NULL,"2025-09-02 13:16:51.361831","FEE"
"0b71c99d-4dfc-4775-953a-25f633578741","1f37e420-c315-4f84-8ae8-576bc711b9d5","transferSenderToInviter","2736677b-57b8-4ee2-87fe-24ed975e55a6","85d5f836-b1f5-4c4e-9381-1b058e13df93","0.4500000000","INVITER_FEE",NULL,"2025-09-02 13:16:51.345233","FEE"
"2cf1002d-b247-4496-a824-9359bebb7fbd","1f37e420-c315-4f84-8ae8-576bc711b9d5","transferSenderToRecipient","2736677b-57b8-4ee2-87fe-24ed975e55a6","00d438f5-997d-4656-9209-0660e02f1b78","45.4500000000","CREDIT","Alpha Token Migration","2025-09-02 13:16:51.336233","P2P_TRANSFER"
"af689418-a065-492c-a5ad-d2f0dc63ed95","d68109da-e514-4d1a-847e-66489c8c27f3","transferSenderToBurnWallet","2736677b-57b8-4ee2-87fe-24ed975e55a6","7e0b2d21-d2b0-4af5-8b73-5f8efc04b000","0.5200000000","BURN_FEE",NULL,"2025-09-02 13:16:51.314944","FEE"
"a4ed8eb9-3112-4274-8888-3271196e83b1","d68109da-e514-4d1a-847e-66489c8c27f3","transferSenderToPeerWallet","2736677b-57b8-4ee2-87fe-24ed975e55a6","85d5f836-b1f5-4c4e-9381-1b058e13df93","1.0400000000","PEER_FEE",NULL,"2025-09-02 13:16:51.306393","FEE"
"468f5d62-5442-4b1d-a72c-756da7afa262","d68109da-e514-4d1a-847e-66489c8c27f3","transferSenderToInviter","2736677b-57b8-4ee2-87fe-24ed975e55a6","85d5f836-b1f5-4c4e-9381-1b058e13df93","0.5200000000","INVITER_FEE",NULL,"2025-09-02 13:16:51.289996","FEE"
"dfb1c4ca-5a35-410d-8925-2024acd6c3ad","d68109da-e514-4d1a-847e-66489c8c27f3","transferSenderToRecipient","2736677b-57b8-4ee2-87fe-24ed975e55a6","be282f57-884c-4a9e-86d7-6e6f8f9a5c46","52.5200000000","CREDIT","Alpha Token Migration","2025-09-02 13:16:51.280954","P2P_TRANSFER"
"a235b8be-ea68-454f-9345-98a7150a0faf","32858498-cecf-4dfc-ace5-c012a36450eb","transferSenderToBurnWallet","2736677b-57b8-4ee2-87fe-24ed975e55a6","7e0b2d21-d2b0-4af5-8b73-5f8efc04b000","0.5200000000","BURN_FEE",NULL,"2025-09-02 13:16:51.26194","FEE"
"03cc97da-29c9-4072-89ba-45a795fae461","32858498-cecf-4dfc-ace5-c012a36450eb","transferSenderToPeerWallet","2736677b-57b8-4ee2-87fe-24ed975e55a6","85d5f836-b1f5-4c4e-9381-1b058e13df93","1.0400000000","PEER_FEE",NULL,"2025-09-02 13:16:51.253238","FEE"
"f1e072fc-0736-4487-9c1c-db143698b84d","32858498-cecf-4dfc-ace5-c012a36450eb","transferSenderToInviter","2736677b-57b8-4ee2-87fe-24ed975e55a6","85d5f836-b1f5-4c4e-9381-1b058e13df93","0.5200000000","INVITER_FEE",NULL,"2025-09-02 13:16:51.235963","FEE"
"175e8157-7187-4d20-9007-c00d775b0dc9","32858498-cecf-4dfc-ace5-c012a36450eb","transferSenderToRecipient","2736677b-57b8-4ee2-87fe-24ed975e55a6","123e2404-2e78-4f05-89a0-8e1fe15b845d","52.5200000000","CREDIT","Alpha Token Migration","2025-09-02 13:16:51.228007","P2P_TRANSFER"
"9b4d7dce-f30e-4614-a690-8790f3e10d70","66b06642-7ada-48c4-9273-bf4d24bbc274","transferSenderToBurnWallet","2736677b-57b8-4ee2-87fe-24ed975e55a6","7e0b2d21-d2b0-4af5-8b73-5f8efc04b000","1.3400000000","BURN_FEE",NULL,"2025-09-02 13:16:51.208813","FEE"
"13d56db5-7bdb-47e3-bcde-80f0f321d051","66b06642-7ada-48c4-9273-bf4d24bbc274","transferSenderToPeerWallet","2736677b-57b8-4ee2-87fe-24ed975e55a6","85d5f836-b1f5-4c4e-9381-1b058e13df93","2.6800000000","PEER_FEE",NULL,"2025-09-02 13:16:51.200185","FEE"
"791160d0-6ec8-4807-a02c-932b0291475c","66b06642-7ada-48c4-9273-bf4d24bbc274","transferSenderToInviter","2736677b-57b8-4ee2-87fe-24ed975e55a6","85d5f836-b1f5-4c4e-9381-1b058e13df93","1.3400000000","INVITER_FEE",NULL,"2025-09-02 13:16:51.181265","FEE"
"a57fe466-999c-445a-a334-2b1f8b6a2ff1","66b06642-7ada-48c4-9273-bf4d24bbc274","transferSenderToRecipient","2736677b-57b8-4ee2-87fe-24ed975e55a6","12da7376-dbcd-4473-abd5-efe3f8664d16","135.3400000000","CREDIT","Alpha Token Migration","2025-09-02 13:16:51.168835","P2P_TRANSFER"
"ed9eab4b-e308-4339-9ead-f388836347e7","407fbef3-c7df-45e0-b575-ef8c3fc5cc21","transferSenderToBurnWallet","2736677b-57b8-4ee2-87fe-24ed975e55a6","7e0b2d21-d2b0-4af5-8b73-5f8efc04b000","1.6200000000","BURN_FEE",NULL,"2025-09-02 13:16:51.149234","FEE"
"8a639ddd-01a2-403c-b434-63abd3b4bb6d","407fbef3-c7df-45e0-b575-ef8c3fc5cc21","transferSenderToPeerWallet","2736677b-57b8-4ee2-87fe-24ed975e55a6","85d5f836-b1f5-4c4e-9381-1b058e13df93","3.2400000000","PEER_FEE",NULL,"2025-09-02 13:16:51.139781","FEE"
"5431d0a8-ac04-4108-a8e5-3bd31f050c5a","407fbef3-c7df-45e0-b575-ef8c3fc5cc21","transferSenderToInviter","2736677b-57b8-4ee2-87fe-24ed975e55a6","85d5f836-b1f5-4c4e-9381-1b058e13df93","1.6200000000","INVITER_FEE",NULL,"2025-09-02 13:16:51.119942","FEE"
"2aaccd72-6cd9-46fe-bd53-591365714464","407fbef3-c7df-45e0-b575-ef8c3fc5cc21","transferSenderToRecipient","2736677b-57b8-4ee2-87fe-24ed975e55a6","1bea1cff-d214-4595-a316-7df8a7afb8f1","163.6200000000","CREDIT","Alpha Token Migration","2025-09-02 13:16:51.111879","P2P_TRANSFER"
"4360ec66-5555-4f85-818f-6319084a82a4","6411906e-a605-4e8d-9c63-fc1b531a4324","transferSenderToBurnWallet","2736677b-57b8-4ee2-87fe-24ed975e55a6","7e0b2d21-d2b0-4af5-8b73-5f8efc04b000","1.7800000000","BURN_FEE",NULL,"2025-09-02 13:16:51.093759","FEE"
"30c4fe42-0dc0-4fff-93f9-03922c93b929","6411906e-a605-4e8d-9c63-fc1b531a4324","transferSenderToPeerWallet","2736677b-57b8-4ee2-87fe-24ed975e55a6","85d5f836-b1f5-4c4e-9381-1b058e13df93","3.5600000000","PEER_FEE",NULL,"2025-09-02 13:16:51.085343","FEE"
"13898a0d-6f07-4aa9-bcac-40ba315cec9d","6411906e-a605-4e8d-9c63-fc1b531a4324","transferSenderToInviter","2736677b-57b8-4ee2-87fe-24ed975e55a6","85d5f836-b1f5-4c4e-9381-1b058e13df93","1.7800000000","INVITER_FEE",NULL,"2025-09-02 13:16:51.068782","FEE"
"f2555b7c-df79-4cbb-b7f4-f76f111435ef","6411906e-a605-4e8d-9c63-fc1b531a4324","transferSenderToRecipient","2736677b-57b8-4ee2-87fe-24ed975e55a6","4129b5ed-20bf-4521-a5f8-2e7867e8efee","179.7800000000","CREDIT","Alpha Token Migration","2025-09-02 13:16:51.05794","P2P_TRANSFER"
"d19b1397-2651-4c07-965d-9163c590d646","818b677c-3045-4c41-8cb4-1b6d04aa4699","transferSenderToBurnWallet","2736677b-57b8-4ee2-87fe-24ed975e55a6","7e0b2d21-d2b0-4af5-8b73-5f8efc04b000","2.0000000000","BURN_FEE",NULL,"2025-09-02 13:16:51.036958","FEE"
"ed51fa9d-9a6e-4d9a-98c9-5abe55554ead","818b677c-3045-4c41-8cb4-1b6d04aa4699","transferSenderToPeerWallet","2736677b-57b8-4ee2-87fe-24ed975e55a6","85d5f836-b1f5-4c4e-9381-1b058e13df93","4.0000000000","PEER_FEE",NULL,"2025-09-02 13:16:51.028524","FEE"
"a01ac8ee-81b8-4eb6-923a-b20017f14ce3","818b677c-3045-4c41-8cb4-1b6d04aa4699","transferSenderToInviter","2736677b-57b8-4ee2-87fe-24ed975e55a6","85d5f836-b1f5-4c4e-9381-1b058e13df93","2.0000000000","INVITER_FEE",NULL,"2025-09-02 13:16:51.011447","FEE"
"4f527bf7-0d7d-4310-bdd6-25d56de64e0b","818b677c-3045-4c41-8cb4-1b6d04aa4699","transferSenderToRecipient","2736677b-57b8-4ee2-87fe-24ed975e55a6","3125f299-a362-4a39-a13a-6dc93a7e482e","202.0000000000","CREDIT","Alpha Token Migration","2025-09-02 13:16:51.002512","P2P_TRANSFER"
"5a551856-5a62-4650-960f-031681abad24","2bf67974-f0d1-4a35-99cc-b37b0237cf74","transferSenderToBurnWallet","2736677b-57b8-4ee2-87fe-24ed975e55a6","7e0b2d21-d2b0-4af5-8b73-5f8efc04b000","2.0600000000","BURN_FEE",NULL,"2025-09-02 13:16:50.984393","FEE"
"c6e48fd0-b050-4354-97b5-2a93d5725226","2bf67974-f0d1-4a35-99cc-b37b0237cf74","transferSenderToPeerWallet","2736677b-57b8-4ee2-87fe-24ed975e55a6","85d5f836-b1f5-4c4e-9381-1b058e13df93","4.1200000000","PEER_FEE",NULL,"2025-09-02 13:16:50.975815","FEE"
"74842f0f-7aff-46dd-bfcf-802db889295f","2bf67974-f0d1-4a35-99cc-b37b0237cf74","transferSenderToInviter","2736677b-57b8-4ee2-87fe-24ed975e55a6","85d5f836-b1f5-4c4e-9381-1b058e13df93","2.0600000000","INVITER_FEE",NULL,"2025-09-02 13:16:50.958623","FEE"
"fa2d624a-7416-45c0-aa3c-b980f4693ce3","2bf67974-f0d1-4a35-99cc-b37b0237cf74","transferSenderToRecipient","2736677b-57b8-4ee2-87fe-24ed975e55a6","9e95b3b5-7b72-4e6a-a1e3-d9c15c1bb9e0","208.0600000000","CREDIT","Alpha Token Migration","2025-09-02 13:16:50.949593","P2P_TRANSFER"
"8d37b219-2166-4028-ba7d-47f7a9f2d346","e5041152-132a-4a61-8457-bb9279012cbc","transferSenderToBurnWallet","2736677b-57b8-4ee2-87fe-24ed975e55a6","7e0b2d21-d2b0-4af5-8b73-5f8efc04b000","2.7100000000","BURN_FEE",NULL,"2025-09-02 13:16:50.93003","FEE"
"dffc8770-4693-4f80-88a1-9c31ec70a796","e5041152-132a-4a61-8457-bb9279012cbc","transferSenderToPeerWallet","2736677b-57b8-4ee2-87fe-24ed975e55a6","85d5f836-b1f5-4c4e-9381-1b058e13df93","5.4200000000","PEER_FEE",NULL,"2025-09-02 13:16:50.919136","FEE"
"e7fcba24-b360-437b-bad2-fa53e38af804","e5041152-132a-4a61-8457-bb9279012cbc","transferSenderToInviter","2736677b-57b8-4ee2-87fe-24ed975e55a6","85d5f836-b1f5-4c4e-9381-1b058e13df93","2.7100000000","INVITER_FEE",NULL,"2025-09-02 13:16:50.900854","FEE"
"b25650ba-08ff-4cf4-9ff8-6211dd731bbd","e5041152-132a-4a61-8457-bb9279012cbc","transferSenderToRecipient","2736677b-57b8-4ee2-87fe-24ed975e55a6","123701b5-d78c-482a-9fcf-126cf7e09a69","273.7100000000","CREDIT","Alpha Token Migration","2025-09-02 13:16:50.89139","P2P_TRANSFER"
"98b70bf6-49c9-4450-93a4-7e00c4ef945f","9b95d920-9b5e-494e-bdb3-8e51de42765b","transferSenderToBurnWallet","2736677b-57b8-4ee2-87fe-24ed975e55a6","7e0b2d21-d2b0-4af5-8b73-5f8efc04b000","3.0000000000","BURN_FEE",NULL,"2025-09-02 13:16:50.872013","FEE"
"358c33a6-c342-4ee2-9d10-146d4ab60142","9b95d920-9b5e-494e-bdb3-8e51de42765b","transferSenderToPeerWallet","2736677b-57b8-4ee2-87fe-24ed975e55a6","85d5f836-b1f5-4c4e-9381-1b058e13df93","6.0000000000","PEER_FEE",NULL,"2025-09-02 13:16:50.863129","FEE"
"7d491477-9d82-4e18-a4a5-b8d591975afa","9b95d920-9b5e-494e-bdb3-8e51de42765b","transferSenderToInviter","2736677b-57b8-4ee2-87fe-24ed975e55a6","85d5f836-b1f5-4c4e-9381-1b058e13df93","3.0000000000","INVITER_FEE",NULL,"2025-09-02 13:16:50.845341","FEE"
"b0fd8382-7eea-4a96-96cf-26cf1acbf856","9b95d920-9b5e-494e-bdb3-8e51de42765b","transferSenderToRecipient","2736677b-57b8-4ee2-87fe-24ed975e55a6","e714234e-89a9-4733-b1d0-c665388c9f5a","303.0000000000","CREDIT","Alpha Token Migration","2025-09-02 13:16:50.833639","P2P_TRANSFER"
"2f59eeeb-68a4-4151-ae27-7eeaa7237230","f7cb8a59-72da-434c-afbe-84a97ecb1e81","transferSenderToBurnWallet","2736677b-57b8-4ee2-87fe-24ed975e55a6","7e0b2d21-d2b0-4af5-8b73-5f8efc04b000","3.0600000000","BURN_FEE",NULL,"2025-09-02 13:16:50.813025","FEE"
"aeadd4b9-d31b-40d3-b551-332e522d14fd","f7cb8a59-72da-434c-afbe-84a97ecb1e81","transferSenderToPeerWallet","2736677b-57b8-4ee2-87fe-24ed975e55a6","85d5f836-b1f5-4c4e-9381-1b058e13df93","6.1200000000","PEER_FEE",NULL,"2025-09-02 13:16:50.803748","FEE"
"8a955bbd-a38c-44cb-9530-79288b86c85b","f7cb8a59-72da-434c-afbe-84a97ecb1e81","transferSenderToInviter","2736677b-57b8-4ee2-87fe-24ed975e55a6","85d5f836-b1f5-4c4e-9381-1b058e13df93","3.0600000000","INVITER_FEE",NULL,"2025-09-02 13:16:50.785999","FEE"
"1f9ea716-4565-4f3f-8196-25f204c31b39","f7cb8a59-72da-434c-afbe-84a97ecb1e81","transferSenderToRecipient","2736677b-57b8-4ee2-87fe-24ed975e55a6","2314ed7b-e568-4be3-a1cd-0ab6a3e3b43c","309.0600000000","CREDIT","Alpha Token Migration","2025-09-02 13:16:50.777188","P2P_TRANSFER"
"78e08c1f-6f9b-4bd8-ac4b-8f55bb3da679","6bff7b23-982d-46e8-826b-7b4ada8e2702","transferSenderToBurnWallet","2736677b-57b8-4ee2-87fe-24ed975e55a6","7e0b2d21-d2b0-4af5-8b73-5f8efc04b000","4.0000000000","BURN_FEE",NULL,"2025-09-02 13:16:50.757251","FEE"
"56fce236-2977-4368-b3ed-6f0cc13b4f1d","6bff7b23-982d-46e8-826b-7b4ada8e2702","transferSenderToPeerWallet","2736677b-57b8-4ee2-87fe-24ed975e55a6","85d5f836-b1f5-4c4e-9381-1b058e13df93","8.0000000000","PEER_FEE",NULL,"2025-09-02 13:16:50.747311","FEE"
"67995e26-7b4c-4a31-969a-6d7c29ceb76f","6bff7b23-982d-46e8-826b-7b4ada8e2702","transferSenderToInviter","2736677b-57b8-4ee2-87fe-24ed975e55a6","85d5f836-b1f5-4c4e-9381-1b058e13df93","4.0000000000","INVITER_FEE",NULL,"2025-09-02 13:16:50.728604","FEE"
"5479227e-80a6-4b6e-86a1-140930497f1a","6bff7b23-982d-46e8-826b-7b4ada8e2702","transferSenderToRecipient","2736677b-57b8-4ee2-87fe-24ed975e55a6","8dda902b-7c7c-446e-9e75-a1297494e671","404.0000000000","CREDIT","Alpha Token Migration","2025-09-02 13:16:50.714881","P2P_TRANSFER"
"7e26e121-cafe-4195-9b68-d937c5dc429f","3796baea-d198-4fc9-994e-5246235a7bfc","transferSenderToBurnWallet","2736677b-57b8-4ee2-87fe-24ed975e55a6","7e0b2d21-d2b0-4af5-8b73-5f8efc04b000","4.5500000000","BURN_FEE",NULL,"2025-09-02 13:16:50.693669","FEE"
"2ae6e46f-398e-4e71-b190-96ba31d613b3","3796baea-d198-4fc9-994e-5246235a7bfc","transferSenderToPeerWallet","2736677b-57b8-4ee2-87fe-24ed975e55a6","85d5f836-b1f5-4c4e-9381-1b058e13df93","9.1000000000","PEER_FEE",NULL,"2025-09-02 13:16:50.684724","FEE"
"c2fc11c5-84cf-44d7-8c08-78f078299830","3796baea-d198-4fc9-994e-5246235a7bfc","transferSenderToInviter","2736677b-57b8-4ee2-87fe-24ed975e55a6","85d5f836-b1f5-4c4e-9381-1b058e13df93","4.5500000000","INVITER_FEE",NULL,"2025-09-02 13:16:50.667385","FEE"
"c772e5ca-9a57-4881-9c72-f0ab552c6e2c","3796baea-d198-4fc9-994e-5246235a7bfc","transferSenderToRecipient","2736677b-57b8-4ee2-87fe-24ed975e55a6","e03b8f19-5c37-4a07-8109-d61b624aef6b","459.5500000000","CREDIT","Alpha Token Migration","2025-09-02 13:16:50.658466","P2P_TRANSFER"
"f8c71a52-5b96-49ec-97be-6aafaa79359b","0c2fc044-0965-41b3-9e04-4ab677129f45","transferSenderToBurnWallet","2736677b-57b8-4ee2-87fe-24ed975e55a6","7e0b2d21-d2b0-4af5-8b73-5f8efc04b000","5.0000000000","BURN_FEE",NULL,"2025-09-02 13:16:50.63892","FEE"
"a5c7831a-3df3-4036-baec-26a40f87edda","0c2fc044-0965-41b3-9e04-4ab677129f45","transferSenderToPeerWallet","2736677b-57b8-4ee2-87fe-24ed975e55a6","85d5f836-b1f5-4c4e-9381-1b058e13df93","10.0000000000","PEER_FEE",NULL,"2025-09-02 13:16:50.629766","FEE"
"7228183e-b491-4806-a5f7-e7a9fb0ab66a","0c2fc044-0965-41b3-9e04-4ab677129f45","transferSenderToInviter","2736677b-57b8-4ee2-87fe-24ed975e55a6","85d5f836-b1f5-4c4e-9381-1b058e13df93","5.0000000000","INVITER_FEE",NULL,"2025-09-02 13:16:50.611444","FEE"
"da030969-d11f-423d-aec2-a19d4d878d52","0c2fc044-0965-41b3-9e04-4ab677129f45","transferSenderToRecipient","2736677b-57b8-4ee2-87fe-24ed975e55a6","ca5d49f9-442d-4719-ab37-179d28e6a670","505.0000000000","CREDIT","Alpha Token Migration","2025-09-02 13:16:50.602469","P2P_TRANSFER"
"3515ab67-7090-4ef3-8a48-944ab4aa1906","c28b3073-dc00-446a-a2d9-a58bdf6c5f1e","transferSenderToBurnWallet","2736677b-57b8-4ee2-87fe-24ed975e55a6","7e0b2d21-d2b0-4af5-8b73-5f8efc04b000","5.1800000000","BURN_FEE",NULL,"2025-09-02 13:16:50.583788","FEE"
"c74d6370-a4f0-4aa3-885f-67ce395be08b","c28b3073-dc00-446a-a2d9-a58bdf6c5f1e","transferSenderToPeerWallet","2736677b-57b8-4ee2-87fe-24ed975e55a6","85d5f836-b1f5-4c4e-9381-1b058e13df93","10.3600000000","PEER_FEE",NULL,"2025-09-02 13:16:50.575741","FEE"
"17c4ca22-4166-49b7-90c1-985d38213b4a","c28b3073-dc00-446a-a2d9-a58bdf6c5f1e","transferSenderToInviter","2736677b-57b8-4ee2-87fe-24ed975e55a6","85d5f836-b1f5-4c4e-9381-1b058e13df93","5.1800000000","INVITER_FEE",NULL,"2025-09-02 13:16:50.559464","FEE"
"a8714063-6a68-4e09-bb06-b0e43320a6e2","c28b3073-dc00-446a-a2d9-a58bdf6c5f1e","transferSenderToRecipient","2736677b-57b8-4ee2-87fe-24ed975e55a6","680ac953-9593-45fb-924f-2c7bcfe9482b","523.1800000000","CREDIT","Alpha Token Migration","2025-09-02 13:16:50.550367","P2P_TRANSFER"
"9e6992da-cfd7-4972-97c3-50eec532fb4d","737347d4-9eca-4e57-a2dd-615c6a508cb8","transferSenderToBurnWallet","2736677b-57b8-4ee2-87fe-24ed975e55a6","7e0b2d21-d2b0-4af5-8b73-5f8efc04b000","5.8200000000","BURN_FEE",NULL,"2025-09-02 13:16:50.531172","FEE"
"a9fd5936-8d05-4dc7-b555-e7817112411b","737347d4-9eca-4e57-a2dd-615c6a508cb8","transferSenderToPeerWallet","2736677b-57b8-4ee2-87fe-24ed975e55a6","85d5f836-b1f5-4c4e-9381-1b058e13df93","11.6400000000","PEER_FEE",NULL,"2025-09-02 13:16:50.521744","FEE"
"05741e4f-6db2-4463-8af2-a91db518af28","737347d4-9eca-4e57-a2dd-615c6a508cb8","transferSenderToInviter","2736677b-57b8-4ee2-87fe-24ed975e55a6","85d5f836-b1f5-4c4e-9381-1b058e13df93","5.8200000000","INVITER_FEE",NULL,"2025-09-02 13:16:50.502372","FEE"
"c313cf12-db4b-4a34-99b6-98e73277bdbd","737347d4-9eca-4e57-a2dd-615c6a508cb8","transferSenderToRecipient","2736677b-57b8-4ee2-87fe-24ed975e55a6","212fe998-ff5a-468b-a4c7-166347d7cf87","587.8200000000","CREDIT","Alpha Token Migration","2025-09-02 13:16:50.492956","P2P_TRANSFER"
"6572330b-5b2b-410e-bafc-87573e682d3d","697a860b-86ed-426d-a220-1b042914983f","transferSenderToBurnWallet","2736677b-57b8-4ee2-87fe-24ed975e55a6","7e0b2d21-d2b0-4af5-8b73-5f8efc04b000","6.4400000000","BURN_FEE",NULL,"2025-09-02 13:16:50.474294","FEE"
"5a5d9ff3-657e-4113-9d7b-f791f67d2663","697a860b-86ed-426d-a220-1b042914983f","transferSenderToPeerWallet","2736677b-57b8-4ee2-87fe-24ed975e55a6","85d5f836-b1f5-4c4e-9381-1b058e13df93","12.8800000000","PEER_FEE",NULL,"2025-09-02 13:16:50.465843","FEE"
"a628f699-d8f7-4763-a73d-f428daa88191","697a860b-86ed-426d-a220-1b042914983f","transferSenderToInviter","2736677b-57b8-4ee2-87fe-24ed975e55a6","85d5f836-b1f5-4c4e-9381-1b058e13df93","6.4400000000","INVITER_FEE",NULL,"2025-09-02 13:16:50.449168","FEE"
"0bc3886b-b243-417a-9922-d420416f44a1","697a860b-86ed-426d-a220-1b042914983f","transferSenderToRecipient","2736677b-57b8-4ee2-87fe-24ed975e55a6","d36520e2-c4d3-44be-9d74-dccca9944142","650.4400000000","CREDIT","Alpha Token Migration","2025-09-02 13:16:50.440764","P2P_TRANSFER"
"10695508-93ed-47aa-a8ba-77ef742b0f42","5ef744ba-4c07-4a85-9250-761a88f975f8","transferSenderToBurnWallet","2736677b-57b8-4ee2-87fe-24ed975e55a6","7e0b2d21-d2b0-4af5-8b73-5f8efc04b000","7.7000000000","BURN_FEE",NULL,"2025-09-02 13:16:50.421991","FEE"
"0c95674e-8d8f-45e0-91f4-4d6bafceb785","5ef744ba-4c07-4a85-9250-761a88f975f8","transferSenderToPeerWallet","2736677b-57b8-4ee2-87fe-24ed975e55a6","85d5f836-b1f5-4c4e-9381-1b058e13df93","15.4000000000","PEER_FEE",NULL,"2025-09-02 13:16:50.413517","FEE"
"8367f4a8-8d32-4ec8-9238-3760025bef8f","5ef744ba-4c07-4a85-9250-761a88f975f8","transferSenderToInviter","2736677b-57b8-4ee2-87fe-24ed975e55a6","85d5f836-b1f5-4c4e-9381-1b058e13df93","7.7000000000","INVITER_FEE",NULL,"2025-09-02 13:16:50.396237","FEE"
"1f2cfb6c-3070-497d-a722-79155dc6f46c","5ef744ba-4c07-4a85-9250-761a88f975f8","transferSenderToRecipient","2736677b-57b8-4ee2-87fe-24ed975e55a6","93d2a697-2a28-416d-b6c9-df56d3bb945e","777.7000000000","CREDIT","Alpha Token Migration","2025-09-02 13:16:50.387195","P2P_TRANSFER"
"9222356e-108d-415e-a896-435b712d8019","1909ef08-8ab6-41a2-b8ba-4a7ef82dc72e","transferSenderToBurnWallet","2736677b-57b8-4ee2-87fe-24ed975e55a6","7e0b2d21-d2b0-4af5-8b73-5f8efc04b000","13.1100000000","BURN_FEE",NULL,"2025-09-02 13:16:50.368163","FEE"
"6d5809a6-31a8-4aa4-a164-6fde556e9b04","1909ef08-8ab6-41a2-b8ba-4a7ef82dc72e","transferSenderToPeerWallet","2736677b-57b8-4ee2-87fe-24ed975e55a6","85d5f836-b1f5-4c4e-9381-1b058e13df93","26.2200000000","PEER_FEE",NULL,"2025-09-02 13:16:50.359344","FEE"
"4c0f72f1-d7b7-48b2-8254-0e653c3a1ab0","1909ef08-8ab6-41a2-b8ba-4a7ef82dc72e","transferSenderToInviter","2736677b-57b8-4ee2-87fe-24ed975e55a6","85d5f836-b1f5-4c4e-9381-1b058e13df93","13.1100000000","INVITER_FEE",NULL,"2025-09-02 13:16:50.341422","FEE"
"8c4a120d-798a-40f7-8af1-44f1c30d8805","1909ef08-8ab6-41a2-b8ba-4a7ef82dc72e","transferSenderToRecipient","2736677b-57b8-4ee2-87fe-24ed975e55a6","3586265b-dcd6-4f18-b17f-1fb9fdc6e5cc","1324.1100000000","CREDIT","Alpha Token Migration","2025-09-02 13:16:50.332091","P2P_TRANSFER"
"a79e9e2a-bddd-405e-8468-0e206d94ffd1","2cbeaef2-9528-41aa-8d9c-2ccbc23eae64","transferSenderToBurnWallet","2736677b-57b8-4ee2-87fe-24ed975e55a6","7e0b2d21-d2b0-4af5-8b73-5f8efc04b000","13.2100000000","BURN_FEE",NULL,"2025-09-02 13:16:50.311642","FEE"
"f996f199-5ed0-44f5-98a7-2e2b09f2a0e8","2cbeaef2-9528-41aa-8d9c-2ccbc23eae64","transferSenderToPeerWallet","2736677b-57b8-4ee2-87fe-24ed975e55a6","85d5f836-b1f5-4c4e-9381-1b058e13df93","26.4200000000","PEER_FEE",NULL,"2025-09-02 13:16:50.302952","FEE"
"2ab25019-fe7f-42c4-924a-e23b21d68871","2cbeaef2-9528-41aa-8d9c-2ccbc23eae64","transferSenderToInviter","2736677b-57b8-4ee2-87fe-24ed975e55a6","85d5f836-b1f5-4c4e-9381-1b058e13df93","13.2100000000","INVITER_FEE",NULL,"2025-09-02 13:16:50.284867","FEE"
"b605357f-9320-4500-a385-f97a175e226d","2cbeaef2-9528-41aa-8d9c-2ccbc23eae64","transferSenderToRecipient","2736677b-57b8-4ee2-87fe-24ed975e55a6","66b359a8-fa1e-439a-b384-7fe5b7adb57a","1334.2100000000","CREDIT","Alpha Token Migration","2025-09-02 13:16:50.274162","P2P_TRANSFER"
"4c1219cd-d645-44f7-b43b-32c54d349938","8a2328ee-f9bc-466f-8426-a8beca99f7b8","transferSenderToBurnWallet","2736677b-57b8-4ee2-87fe-24ed975e55a6","7e0b2d21-d2b0-4af5-8b73-5f8efc04b000","18.0000000000","BURN_FEE",NULL,"2025-09-02 13:16:50.253601","FEE"
"634e4db9-1221-4eb0-a190-842a85745485","8a2328ee-f9bc-466f-8426-a8beca99f7b8","transferSenderToPeerWallet","2736677b-57b8-4ee2-87fe-24ed975e55a6","85d5f836-b1f5-4c4e-9381-1b058e13df93","36.0000000000","PEER_FEE",NULL,"2025-09-02 13:16:50.242819","FEE"
"68211820-9406-49c2-83e9-a732d994ea19","8a2328ee-f9bc-466f-8426-a8beca99f7b8","transferSenderToInviter","2736677b-57b8-4ee2-87fe-24ed975e55a6","85d5f836-b1f5-4c4e-9381-1b058e13df93","18.0000000000","INVITER_FEE",NULL,"2025-09-02 13:16:50.224078","FEE"
"320995a4-3f08-4f64-9b88-91d92eaaec2b","8a2328ee-f9bc-466f-8426-a8beca99f7b8","transferSenderToRecipient","2736677b-57b8-4ee2-87fe-24ed975e55a6","2f29a7c7-4eef-4476-921c-aa3b7b580c8e","1818.0000000000","CREDIT","Alpha Token Migration","2025-09-02 13:16:50.21523","P2P_TRANSFER"
"397d2296-c9ec-4610-bccb-25c5a996e47c","0493b8a8-3e88-49eb-a820-297cef7cf714","transferSenderToBurnWallet","2736677b-57b8-4ee2-87fe-24ed975e55a6","7e0b2d21-d2b0-4af5-8b73-5f8efc04b000","23.3300000000","BURN_FEE",NULL,"2025-09-02 13:16:50.196102","FEE"
"fab93699-7f83-4cd5-b28d-871ce31c4a9e","0493b8a8-3e88-49eb-a820-297cef7cf714","transferSenderToPeerWallet","2736677b-57b8-4ee2-87fe-24ed975e55a6","85d5f836-b1f5-4c4e-9381-1b058e13df93","46.6600000000","PEER_FEE",NULL,"2025-09-02 13:16:50.187442","FEE"
"54122df6-b9e8-46bb-a691-1c11c67c6b0f","0493b8a8-3e88-49eb-a820-297cef7cf714","transferSenderToInviter","2736677b-57b8-4ee2-87fe-24ed975e55a6","85d5f836-b1f5-4c4e-9381-1b058e13df93","23.3300000000","INVITER_FEE",NULL,"2025-09-02 13:16:50.169288","FEE"
"6c6253ff-3474-4acf-b258-142870709a5f","0493b8a8-3e88-49eb-a820-297cef7cf714","transferSenderToRecipient","2736677b-57b8-4ee2-87fe-24ed975e55a6","42f790aa-6898-4f16-89ca-c77e6052dfe8","2356.3300000000","CREDIT","Alpha Token Migration","2025-09-02 13:16:50.158748","P2P_TRANSFER"
"88459278-60c0-4915-9cf9-21c628940a7d","8017b56c-ce29-4e14-8b2f-89e86cf58033","transferSenderToBurnWallet","2736677b-57b8-4ee2-87fe-24ed975e55a6","7e0b2d21-d2b0-4af5-8b73-5f8efc04b000","26.3700000000","BURN_FEE",NULL,"2025-09-02 13:16:50.139607","FEE"
"7028295a-4552-4eaf-82a2-4f5e80948aaf","8017b56c-ce29-4e14-8b2f-89e86cf58033","transferSenderToPeerWallet","2736677b-57b8-4ee2-87fe-24ed975e55a6","85d5f836-b1f5-4c4e-9381-1b058e13df93","52.7400000000","PEER_FEE",NULL,"2025-09-02 13:16:50.130644","FEE"
"c528d027-9aeb-4068-9fc6-063f64799ca0","8017b56c-ce29-4e14-8b2f-89e86cf58033","transferSenderToInviter","2736677b-57b8-4ee2-87fe-24ed975e55a6","85d5f836-b1f5-4c4e-9381-1b058e13df93","26.3700000000","INVITER_FEE",NULL,"2025-09-02 13:16:50.113554","FEE"
"e7c2cedd-f2d1-47e7-bbce-ae81bd230081","8017b56c-ce29-4e14-8b2f-89e86cf58033","transferSenderToRecipient","2736677b-57b8-4ee2-87fe-24ed975e55a6","8ef9c72e-ff7f-4fca-b721-689fc52ec622","2663.3700000000","CREDIT","Alpha Token Migration","2025-09-02 13:16:50.102562","P2P_TRANSFER"
"2f0b3815-e88e-4128-9b18-88f64b8973d6","de8cb155-0b67-4a3a-9c29-06759ca8c73d","transferSenderToBurnWallet","2736677b-57b8-4ee2-87fe-24ed975e55a6","7e0b2d21-d2b0-4af5-8b73-5f8efc04b000","29.4100000000","BURN_FEE",NULL,"2025-09-02 13:16:50.083613","FEE"
"ed7105be-538c-4036-954f-804a4f3db4f9","de8cb155-0b67-4a3a-9c29-06759ca8c73d","transferSenderToPeerWallet","2736677b-57b8-4ee2-87fe-24ed975e55a6","85d5f836-b1f5-4c4e-9381-1b058e13df93","58.8200000000","PEER_FEE",NULL,"2025-09-02 13:16:50.075093","FEE"
"18605abc-b731-4ca4-8e3b-f90fa5db27ee","de8cb155-0b67-4a3a-9c29-06759ca8c73d","transferSenderToInviter","2736677b-57b8-4ee2-87fe-24ed975e55a6","85d5f836-b1f5-4c4e-9381-1b058e13df93","29.4100000000","INVITER_FEE",NULL,"2025-09-02 13:16:50.057538","FEE"
"26c3b864-4f67-4a2e-8cf9-624b24ee1d0c","de8cb155-0b67-4a3a-9c29-06759ca8c73d","transferSenderToRecipient","2736677b-57b8-4ee2-87fe-24ed975e55a6","e10adfd5-2a3e-4c14-a964-8ba879abe47c","2970.4100000000","CREDIT","Alpha Token Migration","2025-09-02 13:16:50.048633","P2P_TRANSFER"
"e4631f09-eb58-445c-9d81-4f1a0c1c4851","5a2655d0-92dd-4180-a45d-1455dfc6a2a9","transferSenderToBurnWallet","2736677b-57b8-4ee2-87fe-24ed975e55a6","7e0b2d21-d2b0-4af5-8b73-5f8efc04b000","33.2300000000","BURN_FEE",NULL,"2025-09-02 13:16:50.02896","FEE"
"4cc08467-3871-4f63-b9e9-c6788c9a02cd","5a2655d0-92dd-4180-a45d-1455dfc6a2a9","transferSenderToPeerWallet","2736677b-57b8-4ee2-87fe-24ed975e55a6","85d5f836-b1f5-4c4e-9381-1b058e13df93","66.4600000000","PEER_FEE",NULL,"2025-09-02 13:16:50.01965","FEE"
"8490583f-a110-4d25-bb7a-fb859896b000","5a2655d0-92dd-4180-a45d-1455dfc6a2a9","transferSenderToInviter","2736677b-57b8-4ee2-87fe-24ed975e55a6","85d5f836-b1f5-4c4e-9381-1b058e13df93","33.2300000000","INVITER_FEE",NULL,"2025-09-02 13:16:49.998877","FEE"
"54d39a01-3af4-41f6-b5b7-3470240e7445","5a2655d0-92dd-4180-a45d-1455dfc6a2a9","transferSenderToRecipient","2736677b-57b8-4ee2-87fe-24ed975e55a6","c3419511-7c24-4839-ba6c-c7332fe082ed","3356.2300000000","CREDIT","Alpha Token Migration","2025-09-02 13:16:49.98875","P2P_TRANSFER"
"e581c11f-dac5-4c21-9e5d-dcf861ddc353","157f260c-27a8-47c0-81c3-e559f551b6e1","transferSenderToBurnWallet","2736677b-57b8-4ee2-87fe-24ed975e55a6","7e0b2d21-d2b0-4af5-8b73-5f8efc04b000","35.7900000000","BURN_FEE",NULL,"2025-09-02 13:16:49.968213","FEE"
"ce3c403f-22be-4fe4-a9ec-4f33232b566e","157f260c-27a8-47c0-81c3-e559f551b6e1","transferSenderToPeerWallet","2736677b-57b8-4ee2-87fe-24ed975e55a6","85d5f836-b1f5-4c4e-9381-1b058e13df93","71.5800000000","PEER_FEE",NULL,"2025-09-02 13:16:49.959658","FEE"
"5c602693-f7ea-4582-b4af-63332633d69f","157f260c-27a8-47c0-81c3-e559f551b6e1","transferSenderToInviter","2736677b-57b8-4ee2-87fe-24ed975e55a6","85d5f836-b1f5-4c4e-9381-1b058e13df93","35.7900000000","INVITER_FEE",NULL,"2025-09-02 13:16:49.941398","FEE"
"841f4ab6-0fef-4b91-8630-690eafe19a89","157f260c-27a8-47c0-81c3-e559f551b6e1","transferSenderToRecipient","2736677b-57b8-4ee2-87fe-24ed975e55a6","a2cdfe51-34cf-4831-9c1c-99688d0284f0","3614.7900000000","CREDIT","Alpha Token Migration","2025-09-02 13:16:49.932086","P2P_TRANSFER"
"f7acf118-a1c5-4534-b649-9fbb47774956","feeafa22-3c8c-4822-9079-de6ce5ac05b2","transferSenderToBurnWallet","2736677b-57b8-4ee2-87fe-24ed975e55a6","7e0b2d21-d2b0-4af5-8b73-5f8efc04b000","73.4100000000","BURN_FEE",NULL,"2025-09-02 13:16:49.912843","FEE"
"8941a498-6c63-4680-8888-38a2c7cfbb8d","feeafa22-3c8c-4822-9079-de6ce5ac05b2","transferSenderToPeerWallet","2736677b-57b8-4ee2-87fe-24ed975e55a6","85d5f836-b1f5-4c4e-9381-1b058e13df93","146.8200000000","PEER_FEE",NULL,"2025-09-02 13:16:49.901346","FEE"
"67200e8e-1ea9-4d68-aa04-6d26a6f35056","feeafa22-3c8c-4822-9079-de6ce5ac05b2","transferSenderToInviter","2736677b-57b8-4ee2-87fe-24ed975e55a6","85d5f836-b1f5-4c4e-9381-1b058e13df93","73.4100000000","INVITER_FEE",NULL,"2025-09-02 13:16:49.884211","FEE"
"66c873e6-0768-437a-98d1-2fa7ce482c22","feeafa22-3c8c-4822-9079-de6ce5ac05b2","transferSenderToRecipient","2736677b-57b8-4ee2-87fe-24ed975e55a6","aef0eeb0-ca53-4576-8650-cd5442ed285e","7414.4100000000","CREDIT","Alpha Token Migration","2025-09-02 13:16:49.874667","P2P_TRANSFER"
"d5bdce75-9149-41db-8fd8-2123b0177ec9","8a868006-3e7c-471f-8de9-e03cdf5c2529","transferSenderToBurnWallet","2736677b-57b8-4ee2-87fe-24ed975e55a6","7e0b2d21-d2b0-4af5-8b73-5f8efc04b000","113.9400000000","BURN_FEE",NULL,"2025-09-02 13:16:49.855531","FEE"
"3dc2db74-12ef-4d73-99ec-81d3211e712f","8a868006-3e7c-471f-8de9-e03cdf5c2529","transferSenderToPeerWallet","2736677b-57b8-4ee2-87fe-24ed975e55a6","85d5f836-b1f5-4c4e-9381-1b058e13df93","227.8800000000","PEER_FEE",NULL,"2025-09-02 13:16:49.846548","FEE"
"54270e3f-d3eb-4060-95f4-ba061ea3479c","8a868006-3e7c-471f-8de9-e03cdf5c2529","transferSenderToInviter","2736677b-57b8-4ee2-87fe-24ed975e55a6","85d5f836-b1f5-4c4e-9381-1b058e13df93","113.9400000000","INVITER_FEE",NULL,"2025-09-02 13:16:49.827658","FEE"
"11a7da75-1544-4a8e-9798-b83e5c5ccd9f","8a868006-3e7c-471f-8de9-e03cdf5c2529","transferSenderToRecipient","2736677b-57b8-4ee2-87fe-24ed975e55a6","078a8c13-04c6-4540-9afa-7d6c32a623d8","11507.9400000000","CREDIT","Alpha Token Migration","2025-09-02 13:16:49.817332","P2P_TRANSFER"
"d3a10640-8b60-4ab7-91ca-990a3d72d6fe","c280fb8a-db06-45ff-86f2-e304f1e6417b","transferSenderToBurnWallet","2736677b-57b8-4ee2-87fe-24ed975e55a6","7e0b2d21-d2b0-4af5-8b73-5f8efc04b000","118.5300000000","BURN_FEE",NULL,"2025-09-02 13:16:49.797708","FEE"
"84ff67c6-4639-476e-9386-af8f5943cd5f","c280fb8a-db06-45ff-86f2-e304f1e6417b","transferSenderToPeerWallet","2736677b-57b8-4ee2-87fe-24ed975e55a6","85d5f836-b1f5-4c4e-9381-1b058e13df93","237.0600000000","PEER_FEE",NULL,"2025-09-02 13:16:49.788228","FEE"
"01472112-c7a2-4aaa-9f1e-b8da939f6234","c280fb8a-db06-45ff-86f2-e304f1e6417b","transferSenderToInviter","2736677b-57b8-4ee2-87fe-24ed975e55a6","85d5f836-b1f5-4c4e-9381-1b058e13df93","118.5300000000","INVITER_FEE",NULL,"2025-09-02 13:16:49.770661","FEE"
"c1d1c7fe-44cd-47fd-a9f8-c94e72f6e066","c280fb8a-db06-45ff-86f2-e304f1e6417b","transferSenderToRecipient","2736677b-57b8-4ee2-87fe-24ed975e55a6","972395ff-f441-4684-aab1-0bc795e5330a","11971.5300000000","CREDIT","Alpha Token Migration","2025-09-02 13:16:49.760735","P2P_TRANSFER"
"95a70663-96dc-4f67-b42c-395daf0655d1","a17cb82e-d3c0-4217-aafd-b08d8b38c0bf","transferSenderToBurnWallet","2736677b-57b8-4ee2-87fe-24ed975e55a6","7e0b2d21-d2b0-4af5-8b73-5f8efc04b000","139.4900000000","BURN_FEE",NULL,"2025-09-02 13:16:49.738914","FEE"
"6b466c45-b247-466c-9918-3e53d5fdf61b","a17cb82e-d3c0-4217-aafd-b08d8b38c0bf","transferSenderToPeerWallet","2736677b-57b8-4ee2-87fe-24ed975e55a6","85d5f836-b1f5-4c4e-9381-1b058e13df93","278.9800000000","PEER_FEE",NULL,"2025-09-02 13:16:49.72869","FEE"
"15e63cb6-66da-46e7-ad26-8a69d3860ac0","a17cb82e-d3c0-4217-aafd-b08d8b38c0bf","transferSenderToInviter","2736677b-57b8-4ee2-87fe-24ed975e55a6","85d5f836-b1f5-4c4e-9381-1b058e13df93","139.4900000000","INVITER_FEE",NULL,"2025-09-02 13:16:49.709013","FEE"
"f0b72738-3d8e-4f4e-bd24-b12f83547a9f","a17cb82e-d3c0-4217-aafd-b08d8b38c0bf","transferSenderToRecipient","2736677b-57b8-4ee2-87fe-24ed975e55a6","cb595e3a-e6d6-49e2-b12c-1f05e783ab73","14088.4900000000","CREDIT","Alpha Token Migration","2025-09-02 13:16:49.696843","P2P_TRANSFER"
"1594602f-22ab-4056-845f-2756ec65ae8f","9c9ddf82-bbfb-4fb5-83b7-29b271e3ce1f","transferSenderToBurnWallet","2736677b-57b8-4ee2-87fe-24ed975e55a6","7e0b2d21-d2b0-4af5-8b73-5f8efc04b000","149.7900000000","BURN_FEE",NULL,"2025-09-02 13:16:49.676805","FEE"
"ecc80635-b549-46c9-88c3-1f185669aba9","9c9ddf82-bbfb-4fb5-83b7-29b271e3ce1f","transferSenderToPeerWallet","2736677b-57b8-4ee2-87fe-24ed975e55a6","85d5f836-b1f5-4c4e-9381-1b058e13df93","299.5800000000","PEER_FEE",NULL,"2025-09-02 13:16:49.667807","FEE"
"171dd701-b6e3-4713-8fa6-70d1bd8b230a","9c9ddf82-bbfb-4fb5-83b7-29b271e3ce1f","transferSenderToInviter","2736677b-57b8-4ee2-87fe-24ed975e55a6","85d5f836-b1f5-4c4e-9381-1b058e13df93","149.7900000000","INVITER_FEE",NULL,"2025-09-02 13:16:49.649256","FEE"
"91881fb2-2afd-4866-8fe6-c492cdc0089a","9c9ddf82-bbfb-4fb5-83b7-29b271e3ce1f","transferSenderToRecipient","2736677b-57b8-4ee2-87fe-24ed975e55a6","6120d4e3-829e-4263-8cab-fffe96a35cdc","15128.7900000000","CREDIT","Alpha Token Migration","2025-09-02 13:16:49.638812","P2P_TRANSFER"
"df5ebf66-7657-49b0-ba09-4e57b86329f6","82b6c888-914b-4c8e-9e07-7efa1645f9d8","transferSenderToBurnWallet","2736677b-57b8-4ee2-87fe-24ed975e55a6","7e0b2d21-d2b0-4af5-8b73-5f8efc04b000","263.9300000000","BURN_FEE",NULL,"2025-09-02 13:16:49.618987","FEE"
"9c53eff3-a28d-42ca-8225-9bde3ffe1fc8","82b6c888-914b-4c8e-9e07-7efa1645f9d8","transferSenderToPeerWallet","2736677b-57b8-4ee2-87fe-24ed975e55a6","85d5f836-b1f5-4c4e-9381-1b058e13df93","527.8600000000","PEER_FEE",NULL,"2025-09-02 13:16:49.61006","FEE"
"00d56d18-7471-4646-b563-684003187bac","82b6c888-914b-4c8e-9e07-7efa1645f9d8","transferSenderToInviter","2736677b-57b8-4ee2-87fe-24ed975e55a6","85d5f836-b1f5-4c4e-9381-1b058e13df93","263.9300000000","INVITER_FEE",NULL,"2025-09-02 13:16:49.593336","FEE"
"3568f458-da33-418e-aaa1-d33c1b46bd08","82b6c888-914b-4c8e-9e07-7efa1645f9d8","transferSenderToRecipient","2736677b-57b8-4ee2-87fe-24ed975e55a6","ed28bea2-0fb0-4c72-a9ce-b3c9d008d747","26656.9300000000","CREDIT","Alpha Token Migration","2025-09-02 13:16:49.583805","P2P_TRANSFER"
"e6485b80-0639-4dc5-ab40-ed03a43e6589","7679e637-7d80-4c84-ba3b-3ad5e5d05ae0","transferSenderToBurnWallet","2736677b-57b8-4ee2-87fe-24ed975e55a6","7e0b2d21-d2b0-4af5-8b73-5f8efc04b000","315.0600000000","BURN_FEE",NULL,"2025-09-02 13:16:49.564583","FEE"
"8b4b6996-9801-49a3-9906-2edbc1d02ea1","7679e637-7d80-4c84-ba3b-3ad5e5d05ae0","transferSenderToPeerWallet","2736677b-57b8-4ee2-87fe-24ed975e55a6","85d5f836-b1f5-4c4e-9381-1b058e13df93","630.1200000000","PEER_FEE",NULL,"2025-09-02 13:16:49.556174","FEE"
"b69b77c0-6293-49c6-bc2a-be5c2aa23981","7679e637-7d80-4c84-ba3b-3ad5e5d05ae0","transferSenderToInviter","2736677b-57b8-4ee2-87fe-24ed975e55a6","85d5f836-b1f5-4c4e-9381-1b058e13df93","315.0600000000","INVITER_FEE",NULL,"2025-09-02 13:16:49.538753","FEE"
"7c6cf96e-b252-4ffa-9362-5c80bb92243d","7679e637-7d80-4c84-ba3b-3ad5e5d05ae0","transferSenderToRecipient","2736677b-57b8-4ee2-87fe-24ed975e55a6","752b92de-af01-40db-9a4d-8d74113863a6","31821.0600000000","CREDIT","Alpha Token Migration","2025-09-02 13:16:49.528926","P2P_TRANSFER"
"3b7398a6-863b-45c6-b159-4f75fc9edac3","51c975e8-8e4a-47c7-b07e-57dd5c17a881","transferSenderToBurnWallet","2736677b-57b8-4ee2-87fe-24ed975e55a6","7e0b2d21-d2b0-4af5-8b73-5f8efc04b000","375.5600000000","BURN_FEE",NULL,"2025-09-02 13:16:49.508706","FEE"
"522927c6-ecdc-4e1c-8fe2-e4b485f138bd","51c975e8-8e4a-47c7-b07e-57dd5c17a881","transferSenderToPeerWallet","2736677b-57b8-4ee2-87fe-24ed975e55a6","85d5f836-b1f5-4c4e-9381-1b058e13df93","751.1200000000","PEER_FEE",NULL,"2025-09-02 13:16:49.498765","FEE"
"751c9687-e9b2-4065-841f-c48a690dc84b","51c975e8-8e4a-47c7-b07e-57dd5c17a881","transferSenderToInviter","2736677b-57b8-4ee2-87fe-24ed975e55a6","85d5f836-b1f5-4c4e-9381-1b058e13df93","375.5600000000","INVITER_FEE",NULL,"2025-09-02 13:16:49.481161","FEE"
"defe1e5c-2f6f-4e0e-87c0-645e56cf7ab0","51c975e8-8e4a-47c7-b07e-57dd5c17a881","transferSenderToRecipient","2736677b-57b8-4ee2-87fe-24ed975e55a6","57174a04-9dff-4d69-a6e9-3da3769d6f76","37931.5600000000","CREDIT","Alpha Token Migration","2025-09-02 13:16:49.471475","P2P_TRANSFER"
"e1fe729d-e907-46b5-ad21-2cec50d5cea9","1fdc468c-d227-460a-bffe-308ef4df6003","transferSenderToBurnWallet","2736677b-57b8-4ee2-87fe-24ed975e55a6","7e0b2d21-d2b0-4af5-8b73-5f8efc04b000","383.7800000000","BURN_FEE",NULL,"2025-09-02 13:16:49.447452","FEE"
"3f0dccf4-ecc8-4f0f-997a-8ff3284d861c","1fdc468c-d227-460a-bffe-308ef4df6003","transferSenderToPeerWallet","2736677b-57b8-4ee2-87fe-24ed975e55a6","85d5f836-b1f5-4c4e-9381-1b058e13df93","767.5600000000","PEER_FEE",NULL,"2025-09-02 13:16:49.43747","FEE"
"4159f100-8fe2-461d-8595-d268e7fad08c","1fdc468c-d227-460a-bffe-308ef4df6003","transferSenderToInviter","2736677b-57b8-4ee2-87fe-24ed975e55a6","85d5f836-b1f5-4c4e-9381-1b058e13df93","383.7800000000","INVITER_FEE",NULL,"2025-09-02 13:16:49.418018","FEE"
"c3dddbd5-c560-41bc-a910-736aa18497d9","1fdc468c-d227-460a-bffe-308ef4df6003","transferSenderToRecipient","2736677b-57b8-4ee2-87fe-24ed975e55a6","ec03f0f6-b581-43d8-a6b6-22b12e12e2eb","38761.7800000000","CREDIT","Alpha Token Migration","2025-09-02 13:16:49.407348","P2P_TRANSFER"
